screen_name,age
BrunoPintoM,18-24
RoomiFlores_,18-24
JuanMusumeci07,10-17
TamaraColmaan,18-24
roburato1,18-24
MLpassio,35-49
VaneMTL,18-24
Ampii_Sola,10-17
AndradaCeleste,18-24
AnttoMartina,18-24
DianaMateos10,10-17
Natalia62936723,10-17
NachoGMoreira,18-24
Julidorado15,10-17
FlorBurelli,18-24
lucrerusa2,10-17
DaaaiBravo5,18-24
GiulianoDanOk,18-24
RooHernande,18-24
INMONOEL,50-64
Juliett1215,18-24
NatiFerreiraC,18-24
_Brisa17abigail,10-17
luusimonini,18-24
Sofi_DeVega,18-24
ZoyaSanchez,10-17
AgustinaVilch17,18-24
Ro_castiglioni,10-17
Celeste0234,18-24
mili_campos_,18-24
agus_gonzalez26,18-24
Vicky_Larrosa1,18-24
Carolina__01,10-17
NikySemeria,18-24
RoominaLucia,10-17
FacuLiencres,18-24
LucaSilva016,10-17
Vanes3996,18-24
RubiaaaEnana,10-17
NatanahelCNdF,18-24
12arielsosa,25-34
ElianaMartin8,18-24
MarceCosta1891,18-24
Vale9850,10-17
InstitutoUI,18-24
Carlos___G,18-24
RosarioMagnou,25-34
CAndelaRodrgu13,10-17
CarburandoTV,50-64
FedeAbatangelo,18-24
Alejandroide_25,25-34
Brian_matassa,18-24
Alemandra19,18-24
mmarcosgodoy97,18-24
Liilu_Franco,10-17
aguuus28,18-24
yanella_salatto,10-17
Tomii0410,10-17
JhohanaaaaM,10-17
Clauditah_NN,10-17
lucia_villar,25-34
jennbardecio,25-34
Valentinaaa1297,18-24
BiosistemasUy,25-34
lulypeteanc,18-24
FrancoCairo02,10-17
Jul14nBarissani,18-24
pamemememesia15,18-24
gabrielf0rmento,18-24
FacuuFrancese5,10-17
MikaaG_Smile,18-24
EnzoSantander14,10-17
camfla,50-64
MarsitaVidal,18-24
LeoGomez9999,10-17
015Edith,10-17
BrianInsuaCjs,18-24
FranSaxlund,18-24
BettiAguilera,10-17
NicouUss,18-24
OriiGartland,10-17
BekerNanni,18-24
joakomirasol,18-24
solemi245,10-17
MauriVilaa,10-17
Nahir_intorre,18-24
FraancoDaaniel1,10-17
jurimarok,10-17
zanoni_f,18-24
FrancoSerra17,18-24
FacuMeneses,18-24
paulapinzone,18-24
Valentinademarc,10-17
Rociovecino_18,18-24
FederiicoGrosso,25-34
PaulaCorrea_11,18-24
neverlandlss,10-17
juiglesias07,18-24
sebatorok,10-17
DamianLoyarte,18-24
JulianaOrellano,18-24
facusuarez08,18-24
carlosgomezuy,10-17
BrianRamirez98,18-24
silvakaren8,18-24
CBDK2011,35-49
MicaelaaGomeez1,18-24
AnitaFraga,18-24
revistahipismo,10-17
lucianovillalv1,10-17
AstrosGarbuyo,25-34
YanyMombelli04,25-34
CamilaSayus,18-24
MaguiCamposs,18-24
DaminDylanPino1,18-24
Manu_zarzoso,18-24
alerojas1995,18-24
Majo_Floress,18-24
Antoscodellaro,18-24
yulijusto13,10-17
YamilaFajar,18-24
Roomiicaceress,18-24
MiliBarrio_,10-17
victoriacarrat2,10-17
kareenHubscher,18-24
PatitoLujan75,18-24
RTafernaberry,18-24
cascarilla3,35-49
Belicornio1998,18-24
diaznap,10-17
EzequielHerraiz,10-17
DjNiloGB,18-24
Antogabas,10-17
toni_pre,35-49
meliijiji,18-24
Milii1224,18-24
Plakards,25-34
Dorregocaro,10-17
PabloPiriz17,18-24
elvikingogordo,25-34
yuliireynoso,18-24
karusilva1,10-17
LucasAnhornOk,10-17
paufrancisco123,10-17
chicabostera1,25-34
CrisCedola,18-24
caritofrias99,18-24
MateoFagundez,18-24
camiacosta1891,18-24
lautaurtiaga,18-24
Micaela59134889,18-24
sanabria_daiana,18-24
rossanaduarte1,10-17
Camila_Martino,18-24
NataliaMindurry,18-24
nadiaohaco,10-17
Terevazquez_12,18-24
littlepearlblue,10-17
nachielhh,18-24
laurabat55,50-64
El_Huno,25-34
Nico_lopez0,10-17
CamiiB14,18-24
LuzCattaneo,18-24
MaaruPicerno,10-17
Coty_Gastaldo,18-24
joyFernandz,18-24
AndresAF170198,18-24
jhonagarcia5,25-34
SeleneBasualdo,18-24
LucilaGav,18-24
LuzDaiiana,18-24
FloCamarano,18-24
Estefiperezok,10-17
nikko_cabrera,18-24
GonzaloPessano_,18-24
dangaer,25-34
cccccccaro,18-24
SofiiNtvg,18-24
FaccuMu,10-17
Gonzamederos1,10-17
agusmerlojr,18-24
MARIOUBERTI,25-34
PRojaOk,10-17
KarolSe48822803,18-24
DaioGarcia2,18-24
OliveraPipi,10-17
LeytonLey,18-24
cgezzio,18-24
Fraacoronel,18-24
GAlebuena,10-17
melo_snowflake,18-24
SSDiaz19,18-24
CamilaCeleste96,18-24
SantiRayu,10-17
aguusdell_,18-24
CarrettoniLucho,18-24
BrianGonzaa,10-17
DiegoCastagno,25-34
Castillofran20,18-24
laligoias,18-24
VicoElgart,18-24
JessicaPr1202,10-17
NellyGalotta,18-24
AlvaroPereyraa,10-17
marcelo_pedrozo,18-24
galonsobenia,25-34
santiagopepe_91,25-34
PuchoacuaRP,18-24
cuervolobos,18-24
Pedro_GuzmanT,18-24
stagno_chiara,18-24
EllNiiicoo,18-24
CaraballoCe,10-17
Ivandjdv,10-17
melisafreiria,18-24
pizzasingkaraok,25-34
CandelaMachado7,10-17
Geral_Centu,10-17
Lopeznic4,18-24
byimpactada,18-24
BeluGolfarini,18-24
FioVentura,25-34
ani_0697,18-24
Juaniruss,18-24
duartenahuee,18-24
FBreganti,10-17
Ludfdz102,10-17
LapipydelTricoo,10-17
Mikaela241206,18-24
AntoOrsetti_,18-24
Rodrigueeez666,18-24
JB_JoacoBolso,10-17
JulianRosa00,10-17
Joseplut104,18-24
CircuitoC56,10-17
AnahiRRII,25-34
GrupoHasar,35-49
gabyscarpato,18-24
matyasnicolas98,18-24
AntoTusa,18-24
Nacho744,18-24
NahuelRussiAlv1,18-24
nahucatuok,18-24
MartinFagundez,18-24
DelfiBruzzone,18-24
AndreaMachado57,18-24
BENGOCHEA_SB,50-64
chrisguevarauy,18-24
ThiagoBarriosRP,10-17
CocoMendeguia54,25-34
SantiBerto8,18-24
NORBERTO1956,50-64
federicamarilla,35-49
GeneGutierrez3,18-24
MiliGimenezNTVG,18-24
maxiifalconnat,10-17
G6D2P,18-24
_Sofi_41,10-17
Bica199,18-24
FacuuReynoso99,18-24
LNahuelFB,18-24
BlasEsquenon,10-17
Catii_Menna,10-17
28bernardita,10-17
AbruCelibertiOk,18-24
PublicisImpetu,50-64
josemramirez26,18-24
Neri_Oriana,18-24
SebbasOk,18-24
Pas_de_Bourre,18-24
dosalmasunamor,18-24
Maru_Cabj21,10-17
candepalacios1,10-17
mirtha4620,65-xx
Iaann_1999,18-24
velazquezkevin1,18-24
MauricioZarauz,18-24
AgusVidall2,18-24
felipepaullier,25-34
RojasMimi,18-24
Per_Reynoso,18-24
FloorCei,18-24
aldanacumler,10-17
Cabj_Ayrton,10-17
RomiGaray2,18-24
CamiOnrrubio,18-24
fabianparcerito,18-24
valelucas_95,18-24
TatianaMartin3z,10-17
arandagustina,18-24
AxelFansMFET,10-17
ValeAcevedo98,18-24
MarcosFontaine7,18-24
PauliMoraless,18-24
vcastroemilia,25-34
jorge_frias1968,18-24
el_patoherrera,18-24
ElRitual,18-24
barrsosa35,10-17
FacuBringa,18-24
HectorCanedo2,25-34
RoldanRodrigo3,10-17
jluisfoglia,10-17
ruthy_yucra,10-17
NicolasTripoli,18-24
RoSoimuRo,18-24
SugaCabrera,18-24
TamiToledoVazq,18-24
lucianocabj110,18-24
JeffPaternalOK,18-24
ZooeRivas77,18-24
DeMarcoBianca,10-17
AlexisTokayukOK,18-24
annto_b,18-24
MMusitani,25-34
MatiasNicolet,35-49
OrtizMarcos18,18-24
JorVilares,18-24
Facundodelpuer2,10-17
LuucasNico,18-24
AgusFiguere,18-24
Nicolasmesa93,18-24
juanialtezor,18-24
ValenVelez95,10-17
Jazdistefaano,10-17
Spastrana_01,10-17
SistiMartin,18-24
DaniiMndez1,18-24
BelenMansur,18-24
MilulaArroquy,18-24
Luuli_espeche15,10-17
fran_sacco,25-34
LariRamirez4,10-17
juampps,10-17
Abybeautyexpert,10-17
Peralta_Sofiia,10-17
JavyyVarela,18-24
IaanErik,18-24
Santiimontielok,10-17
Bautiperezz1899,10-17
caciquepaiva09,18-24
Carboneraa1891,18-24
pampifc,10-17
gustavoanselmi1,35-49
gfran93,18-24
locambie,18-24
OrellanoJuliana,18-24
BraianT93432642,10-17
rominadaniela09,18-24
AguRam1,18-24
lu_leg_,10-17
Lajoya14,25-34
anarivas_35,10-17
liberluna,18-24
MapriconfCalsa,35-49
CayuYulii,18-24
JennyAbigail7,18-24
amapolaa21,18-24
BRMVCC,25-34
luzzcoficial1,10-17
Robertdelcap,18-24
nahubacigaluppi,10-17
JoseeRosaa,18-24
alan_corrarello,18-24
ludtaborda,25-34
BlaasGomez,18-24
gomez19_sophie,18-24
AlvarezFiorelaa,18-24
Cruuuz_emi,18-24
jes_lubrano,25-34
Julieta1252,18-24
nacho_real_11,18-24
SanttiMartinez5,25-34
Richard_cuelho,25-34
Aguila48934833,10-17
Mauro_Pavesse,10-17
LulaRossi98,10-17
Patricionavarr0,18-24
yorugua16,18-24
pasu97,18-24
florenciapolero,18-24
EzeTesta13,18-24
EmiiYane,25-34
Jeither01,18-24
Gabriel_218,25-34
naiaramallo,25-34
AgusAlonso9,18-24
daysanabria96,10-17
sebastianfest,18-24
08BrunoOK,18-24
nico_raffo,25-34
Ordonezrj,25-34
valentinnn_gg,18-24
GuilleCeentral,18-24
RBeleenn,18-24
FiammaRusso,18-24
Josefinamonsa,18-24
CaroRossio1,18-24
wolfhardbebito,10-17
MINORIAHARDCORE,25-34
abruuledesma,10-17
