age,id,realAge
35-49,cdelamortve,35-49
35-49,juliagomezcora,35-49
35-49,evacolladoduran,35-49
35-49,jalguerrero,50-64
35-49,cesarpiqueras,35-49
35-49,hector_cabrera_,35-49
35-49,pilarajev,35-49
35-49,almarro1,35-49
35-49,billiesastre,35-49
35-49,tereamor,35-49
35-49,factoriagris,35-49
35-49,manuelgimnez,35-49
35-49,alesonline,25-34
35-49,vigelacoaching,35-49
35-49,h_torres,18-24
35-49,manushgalvan,25-34
35-49,angelmgtech,25-34
35-49,nagodelos,35-49
35-49,emiliodebenito,35-49
35-49,josetrecet,35-49
35-49,pabloformoso,25-34
35-49,jesusencinar,35-49
35-49,carmechaparro,35-49
